timestamp,open,high,low,close,volume,sma_20,sma_50,rsi,macd,macd_signal,target_direction,target_price
2025-10-06,244.78,251.32,244.58,250.43,28894653,246.81,222.00419999999997,48.69409660107337,6.727628872074746,8.492556200165803,0,245.76
2025-10-07,248.27,250.44,245.52,245.76,23181285,247.1165,223.06779999999998,43.917392707324936,6.212512692648119,8.036547498662266,0,244.62
2025-10-08,244.96,246.005,243.82,244.62,21307104,247.38899999999998,224.0452,37.49578130273373,5.647193604007327,7.558676719731279,0,241.53
2025-10-09,244.47,244.76,239.15,241.53,27892086,247.44700000000003,224.9452,28.03862803862806,4.893428578958179,7.02562709157666,0,236.57
2025-10-10,241.43,244.09,235.84,236.57,33180323,247.2355,225.8386,25.67073170731709,3.8514368518802655,6.3907890436373815,1,244.15
2025-10-13,240.21,244.5,239.71,244.15,24995028,246.8625,226.93900000000002,40.49607694254621,3.595842913549916,5.831799817619888,1,245.45
2025-10-14,241.23,247.12,240.51,245.45,22111572,246.577,227.94719999999998,47.67153485808763,3.458316689347555,5.357103191965422,1,251.03
2025-10-15,247.245,252.11,245.99,251.03,27007690,246.652,229.0744,56.46594274432379,3.7562854118175153,5.036939635935841,1,251.46
2025-10-16,251.765,256.96,250.101,251.46,27997159,246.6235,230.1818,56.119402985074636,3.981232013048185,4.82579811135831,1,253.3
2025-10-17,250.76,254.22,247.81,253.3,29671629,246.5525,231.31740000000002,61.69405815423513,4.258882689077382,4.712415026902125,1,256.55
2025-10-20,254.69,257.33,254.23,256.55,22350155,246.75349999999997,232.42,66.06929510155317,4.687140253612199,4.70736007224414,0,250.46
2025-10-21,254.74,254.88,244.15,250.46,47312098,246.6935,233.40920000000003,56.02514087559601,4.483443014958681,4.662576660787048,1,251.69
2025-10-22,254.37,256.36,249.29,251.69,35029370,246.921,234.37620000000004,56.440532417346496,4.3708774517406255,4.604236818977763,1,253.08
2025-10-23,252.98,255.04,251.85,253.08,19901425,247.2855,235.39860000000002,58.11463363426413,4.343757680538516,4.552140991289914,1,259.92
2025-10-24,256.58,261.68,255.315,259.92,28655126,247.9545,236.5382,59.60720793682932,4.8186495101603555,4.605442695064003,1,269.27
2025-10-27,264.815,270.14,264.28,269.27,35235231,249.21549999999996,237.8456,71.74033660070279,5.88167131957735,4.860688419966673,0,267.47
2025-10-28,269.69,270.73,266.5,267.47,29738564,250.43400000000003,239.125,70.8752055545405,6.503905827586948,5.189331901490728,1,274.57
2025-10-29,267.75,275.336,267.67,274.57,43580277,251.91749999999996,240.585,78.12393598910455,7.483674677707398,5.648200456734063,1,281.48
2025-10-30,291.59,291.59,280.06,281.48,74875990,253.70700000000002,242.2282,86.99950568462685,8.717240874494564,6.262008540286164,0,281.19
2025-10-31,283.21,286.0,277.03,281.19,39267945,255.49899999999997,243.857,84.68164794007492,9.561234437510251,6.921853719730982,1,283.72
2025-11-03,282.175,285.53,279.8,283.72,29785996,257.1635,245.40959999999998,85.02654219293433,10.315346380756068,7.600552251936,0,277.54
2025-11-04,276.75,281.27,276.26,277.54,30078369,258.7525,246.7906,73.99963787796489,10.295629568418633,8.139567715232527,1,284.31
2025-11-05,278.87,286.415,277.34,284.31,30283252,260.737,248.334,76.67695306155596,10.70290979159114,8.65223613050425,1,284.75
2025-11-06,285.33,288.35,281.14,284.75,37173648,262.898,249.87939999999998,76.1342861891308,10.935133216679674,9.108815547739335,0,278.83
2025-11-07,283.205,283.78,275.19,278.83,34479588,265.011,251.2232,67.72756206238063,10.520207031587404,9.39109384450895,1,290.1
2025-11-10,284.42,290.8,282.855,290.1,29557309,267.3085,252.767,79.13848867980006,10.974265353448573,9.707728146296875,1,291.31
2025-11-11,287.745,291.915,287.32,291.31,19842136,269.60150000000004,254.3662,79.13235294117648,11.301470416405948,10.02647660031869,0,286.71
2025-11-12,291.675,292.005,283.69,286.71,24829923,271.3855,255.4872,73.61325656508915,11.062084406855092,10.23359816162597,0,278.57
2025-11-13,282.34,282.84,277.24,278.57,29494040,272.741,256.4126,62.86029513170595,10.099122896160225,10.206703108532821,0,276.41
2025-11-14,271.405,278.56,270.7,276.41,31647227,273.89649999999995,257.24080000000004,55.46540110226581,9.057268460189505,9.976816178864159,1,285.02
2025-11-17,285.775,293.95,283.57,285.02,52670192,275.32000000000005,258.2604,62.16553445168442,8.824621611948146,9.746377265480955,0,284.28
2025-11-18,287.915,288.8,278.2,284.28,49158743,277.011,259.1534,57.381785008362456,8.482751612762456,9.493652134937255,1,292.81
2025-11-19,287.16,303.81,286.63,292.81,68198944,279.067,260.2262,58.40629173467872,8.798691053710911,9.354659918691986,0,289.45
2025-11-20,304.54,306.42,288.67,289.45,62025218,280.8855,261.20779999999996,55.86148169173998,8.677917783186615,9.219311491590911,1,299.66
2025-11-21,296.415,303.92,293.845,299.66,74137697,282.8725,262.385,60.19964166879958,9.29887413496175,9.235224020265079,1,318.58
2025-11-24,311.13,319.48,309.595,318.58,85165123,285.338,263.7244,72.57922535211266,11.188696072848643,9.625918430781791,1,323.44
2025-11-25,326.21,328.83,317.65,323.44,88632074,288.1365,265.17,71.99055861526357,12.92951159600392,10.286637063826216,0,319.95
2025-11-26,320.68,324.5,316.79,319.95,51373361,290.4055,266.5784,69.12627689632687,13.867648981997377,11.002839447460449,1,320.18
2025-11-28,323.365,326.85,316.79,320.18,26018568,292.34049999999996,267.9414,73.94880111201205,14.462968598009354,11.69486527757023,0,314.89
2025-12-01,317.7,319.85,313.89,314.89,41182956,294.0255,269.1448,65.42626011200993,14.34257264362543,12.22440675078127,1,315.81
2025-12-02,316.74,318.38,313.91,315.81,35854744,295.63,270.4104,65.30102423182612,14.15818752103263,12.611162904831543,1,319.63
2025-12-03,315.89,321.58,314.1,319.63,41838317,297.7345,271.76980000000003,70.76185671039354,14.157108721040743,12.920352068073383,0,317.62
2025-12-04,322.225,322.36,314.7,317.62,31240924,299.4,273.1794,76.69172932330827,13.834587054710425,13.103199065400792,1,321.27
2025-12-05,319.49,323.16,319.165,321.27,28851705,301.226,274.689,80.05091103965697,13.71540811892794,13.225640876106223,0,313.72
2025-12-08,320.05,320.44,311.2219,313.72,33403895,302.9705,276.0326,69.5025822234303,12.863454159338517,13.153203532752682,1,317.08
2025-12-09,312.37,317.99,311.895,317.08,30089731,304.3195,277.4932,71.5223097112861,12.31741098120608,12.986045022443363,1,320.21
2025-12-10,315.83,321.31,314.68,320.21,33428923,305.7645,279.0354,69.35028248587571,11.998916628182656,12.788619343591222,0,312.43
2025-12-11,320.08,321.12,308.6,312.43,42353697,307.0505,280.386,65.27519276788092,10.992017444153646,12.429298963703708,0,309.29
2025-12-12,313.7,314.87,305.56,309.29,35940170,308.5865,281.658,57.065297138664725,9.827386830522414,11.908916537067451,0,308.22
2025-12-15,311.315,311.42,304.88,308.22,29151889,310.177,282.9154,39.70178926441355,8.717577810377918,11.270648791729545,0,306.57
